{"stats":{"minecraft:custom":{"minecraft:interact_with_furnace":8,"minecraft:mob_kills":19,"minecraft:interact_with_crafting_table":20,"minecraft:leave_game":1,"minecraft:time_since_death":19595,"minecraft:sleep_in_bed":3,"minecraft:time_since_rest":19630,"minecraft:sprint_one_cm":173262,"minecraft:damage_taken":864,"minecraft:walk_one_cm":133653,"minecraft:damage_blocked_by_shield":1533,"minecraft:drop":42,"minecraft:damage_dealt":4120,"minecraft:player_kills":1,"minecraft:swim_one_cm":16226,"minecraft:fly_one_cm":153303,"minecraft:open_chest":4,"minecraft:play_time":53343,"minecraft:crouch_one_cm":19458,"minecraft:deaths":1,"minecraft:sneak_time":5601,"minecraft:walk_under_water_one_cm":41212,"minecraft:jump":731,"minecraft:walk_on_water_one_cm":3658,"minecraft:total_world_time":53343,"minecraft:fall_one_cm":15880},"minecraft:mined":{"minecraft:waxed_cut_copper":2,"minecraft:deepslate_redstone_ore":1,"minecraft:tuff":15,"minecraft:deepslate_diamond_ore":10,"minecraft:smooth_sandstone":11,"minecraft:crafting_table":4,"minecraft:short_grass":8,"minecraft:decorated_pot":4,"minecraft:dead_bush":6,"minecraft:cobblestone":2,"minecraft:sugar_cane":8,"minecraft:waxed_chiseled_copper":1,"minecraft:skeleton_skull":1,"minecraft:hay_block":48,"minecraft:waxed_copper_bulb":1,"minecraft:lime_bed":2,"minecraft:furnace":2,"minecraft:waxed_copper_grate":4,"minecraft:iron_ore":3,"minecraft:wheat":1,"minecraft:polished_tuff":2,"minecraft:waxed_copper_block":4,"minecraft:chiseled_tuff":2,"minecraft:polished_deepslate":6,"minecraft:oak_log":6,"minecraft:deepslate_iron_ore":7,"minecraft:sand":17,"minecraft:cobweb":32,"minecraft:stone":34,"minecraft:deepslate":155},"minecraft:killed_by":{"minecraft:spider":1},"minecraft:dropped":{"minecraft:bread":26,"minecraft:wheat_seeds":3,"minecraft:decorated_pot":1,"minecraft:waxed_copper_grate":1,"minecraft:waxed_copper_block":1,"minecraft:waxed_cut_copper":2,"minecraft:skeleton_skull":1,"minecraft:waxed_copper_bulb":1,"minecraft:waxed_chiseled_copper":1,"minecraft:chiseled_tuff":1,"minecraft:wooden_pickaxe":2,"minecraft:iron_pickaxe":1,"minecraft:polished_deepslate":1},"minecraft:picked_up":{"minecraft:crafting_table":3,"minecraft:lime_bed":2,"minecraft:wheat":1,"minecraft:wooden_pickaxe":2,"minecraft:waxed_copper_bulb":2,"minecraft:tuff":15,"minecraft:oak_log":5,"minecraft:waxed_copper_block":7,"minecraft:shield":1,"minecraft:brick":24,"minecraft:gunpowder":11,"minecraft:polished_deepslate":4,"minecraft:string":56,"minecraft:orange_terracotta":1,"minecraft:smooth_sandstone":11,"minecraft:bone":5,"minecraft:wheat_seeds":5,"minecraft:cobbled_deepslate":145,"minecraft:iron_ingot":22,"minecraft:stone_pickaxe":1,"minecraft:chiseled_tuff":2,"minecraft:poppy":6,"minecraft:iron_pickaxe":1,"minecraft:sugar_cane":32,"minecraft:furnace":2,"minecraft:stick":13,"minecraft:raw_iron":9,"minecraft:copper_ingot":16,"minecraft:waxed_chiseled_copper":1,"minecraft:sand":69,"minecraft:waxed_copper_grate":3,"minecraft:redstone":4,"minecraft:polished_tuff":2,"minecraft:oak_wood":8,"minecraft:stone_sword":1,"minecraft:arrow":4,"minecraft:stone_shovel":1,"minecraft:diamond":8,"minecraft:decorated_pot":2,"minecraft:stone_axe":1,"minecraft:hay_block":90,"minecraft:bread":11,"minecraft:emerald":16,"minecraft:oak_sapling":4,"minecraft:waxed_cut_copper":2,"minecraft:skeleton_skull":1,"minecraft:cobblestone":60},"minecraft:killed":{"minecraft:cave_spider":1,"minecraft:spider":8,"minecraft:iron_golem":2,"minecraft:skeleton":5,"minecraft:player":1},"minecraft:crafted":{"minecraft:oak_planks":20,"minecraft:stone_shovel":1,"minecraft:crafting_table":1,"minecraft:wooden_pickaxe":1,"minecraft:iron_helmet":1,"minecraft:stone_axe":1,"minecraft:bread":26,"minecraft:air":0,"minecraft:diamond_pickaxe":1,"minecraft:iron_chestplate":1,"minecraft:shield":1,"minecraft:stick":12,"minecraft:iron_ingot":8,"minecraft:iron_pickaxe":1,"minecraft:stone_pickaxe":1,"minecraft:stone_sword":1,"minecraft:diamond_boots":1,"minecraft:iron_leggings":1,"minecraft:wheat":54},"minecraft:used":{"minecraft:stone_sword":78,"minecraft:polished_deepslate":3,"minecraft:chiseled_tuff":1,"minecraft:stone_pickaxe":59,"minecraft:redstone":1,"minecraft:wooden_pickaxe":41,"minecraft:shield":27,"minecraft:torch":5,"minecraft:sand":6,"minecraft:lime_bed":2,"minecraft:crafting_table":4,"minecraft:waxed_copper_grate":2,"minecraft:diamond_pickaxe":44,"minecraft:bread":17,"minecraft:iron_pickaxe":122,"minecraft:smooth_sandstone":11,"minecraft:stone_axe":29,"minecraft:hay_block":3,"minecraft:furnace":2,"minecraft:orange_terracotta":1}},"DataVersion":3955}