{"stats":{"minecraft:picked_up":{"minecraft:stick":6,"minecraft:lime_bed":2,"minecraft:crafting_table":1,"minecraft:wheat":1,"minecraft:copper_ingot":8,"minecraft:wooden_pickaxe":1,"minecraft:sand":37,"minecraft:oak_log":5,"minecraft:waxed_copper_block":2,"minecraft:polished_deepslate":2,"minecraft:string":24,"minecraft:orange_terracotta":1,"minecraft:oak_wood":4,"minecraft:smooth_sandstone":11,"minecraft:wheat_seeds":4,"minecraft:hay_block":48,"minecraft:iron_ingot":9,"minecraft:emerald":3,"minecraft:bread":3,"minecraft:poppy":3,"minecraft:oak_sapling":2,"minecraft:sugar_cane":16,"minecraft:skeleton_skull":1,"minecraft:cobblestone":33},"minecraft:used":{"minecraft:stone_sword":45,"minecraft:bread":7,"minecraft:stone_pickaxe":14,"minecraft:smooth_sandstone":11,"minecraft:wooden_pickaxe":41,"minecraft:stone_axe":21,"minecraft:sand":5,"minecraft:lime_bed":1,"minecraft:hay_block":3,"minecraft:crafting_table":1,"minecraft:orange_terracotta":1},"minecraft:dropped":{"minecraft:bread":18,"minecraft:wheat_seeds":3,"minecraft:skeleton_skull":1,"minecraft:wooden_pickaxe":1},"minecraft:crafted":{"minecraft:oak_planks":20,"minecraft:stone_shovel":1,"minecraft:shield":1,"minecraft:crafting_table":1,"minecraft:stick":4,"minecraft:wooden_pickaxe":1,"minecraft:stone_pickaxe":1,"minecraft:stone_sword":1,"minecraft:stone_axe":1,"minecraft:bread":17,"minecraft:wheat":27},"minecraft:custom":{"minecraft:time_since_rest":15061,"minecraft:sprint_one_cm":106189,"minecraft:damage_taken":150,"minecraft:walk_one_cm":66872,"minecraft:mob_kills":7,"minecraft:drop":23,"minecraft:damage_dealt":2804,"minecraft:swim_one_cm":16226,"minecraft:interact_with_crafting_table":9,"minecraft:fly_one_cm":109360,"minecraft:player_kills":1,"minecraft:open_chest":4,"minecraft:crouch_one_cm":9727,"minecraft:play_time":29496,"minecraft:sneak_time":3105,"minecraft:walk_under_water_one_cm":40439,"minecraft:jump":447,"minecraft:leave_game":1,"minecraft:walk_on_water_one_cm":490,"minecraft:time_since_death":29496,"minecraft:sleep_in_bed":2,"minecraft:total_world_time":29496,"minecraft:fall_one_cm":9208},"minecraft:killed":{"minecraft:spider":5,"minecraft:iron_golem":2,"minecraft:player":1},"minecraft:mined":{"minecraft:skeleton_skull":1,"minecraft:hay_block":48,"minecraft:lime_bed":2,"minecraft:waxed_copper_grate":1,"minecraft:wheat":1,"minecraft:waxed_copper_block":2,"minecraft:smooth_sandstone":11,"minecraft:crafting_table":1,"minecraft:polished_deepslate":4,"minecraft:short_grass":7,"minecraft:oak_log":6,"minecraft:dead_bush":6,"minecraft:sand":17,"minecraft:cobweb":27,"minecraft:cobblestone":2,"minecraft:stone":31,"minecraft:sugar_cane":8}},"DataVersion":3955}