{"stats":{"minecraft:picked_up":{"minecraft:stick":6,"minecraft:lime_bed":1,"minecraft:crafting_table":1,"minecraft:wheat":1,"minecraft:wooden_pickaxe":1,"minecraft:sand":17,"minecraft:oak_log":5,"minecraft:smooth_sandstone":11,"minecraft:wheat_seeds":4,"minecraft:hay_block":48,"minecraft:iron_ingot":5,"minecraft:poppy":1,"minecraft:oak_sapling":2,"minecraft:sugar_cane":16,"minecraft:skeleton_skull":1,"minecraft:cobblestone":30},"minecraft:used":{"minecraft:bread":1,"minecraft:stone_pickaxe":4,"minecraft:smooth_sandstone":11,"minecraft:wooden_pickaxe":41,"minecraft:stone_axe":12,"minecraft:sand":1,"minecraft:hay_block":3,"minecraft:crafting_table":1},"minecraft:dropped":{"minecraft:wheat_seeds":3,"minecraft:wooden_pickaxe":1},"minecraft:crafted":{"minecraft:oak_planks":20,"minecraft:stone_shovel":1,"minecraft:crafting_table":1,"minecraft:stick":4,"minecraft:wooden_pickaxe":1,"minecraft:stone_pickaxe":1,"minecraft:stone_axe":1},"minecraft:custom":{"minecraft:time_since_rest":3061,"minecraft:sprint_one_cm":74846,"minecraft:walk_one_cm":29201,"minecraft:mob_kills":1,"minecraft:drop":4,"minecraft:damage_dealt":1010,"minecraft:interact_with_crafting_table":4,"minecraft:fly_one_cm":52010,"minecraft:open_chest":4,"minecraft:crouch_one_cm":8000,"minecraft:play_time":17496,"minecraft:sneak_time":2396,"minecraft:jump":221,"minecraft:leave_game":1,"minecraft:walk_on_water_one_cm":79,"minecraft:time_since_death":17496,"minecraft:sleep_in_bed":2,"minecraft:total_world_time":17496,"minecraft:fall_one_cm":3317},"minecraft:killed":{"minecraft:iron_golem":1},"minecraft:mined":{"minecraft:skeleton_skull":1,"minecraft:hay_block":48,"minecraft:lime_bed":1,"minecraft:wheat":1,"minecraft:smooth_sandstone":11,"minecraft:crafting_table":1,"minecraft:short_grass":7,"minecraft:oak_log":6,"minecraft:dead_bush":5,"minecraft:sand":17,"minecraft:stone":30,"minecraft:sugar_cane":8}},"DataVersion":3955}