{"stats":{"minecraft:picked_up":{"minecraft:tnt":5,"minecraft:stick":2,"minecraft:oak_wood":7,"minecraft:cut_sandstone":2,"minecraft:oak_log":4,"minecraft:oak_sapling":1,"minecraft:cyan_bed":1,"minecraft:sugar_cane":18,"minecraft:stone_pressure_plate":1},"minecraft:used":{"minecraft:sand":15,"minecraft:crafting_table":1,"minecraft:oak_sapling":1,"minecraft:cyan_bed":1,"minecraft:wooden_pickaxe":22,"minecraft:cut_sandstone":2},"minecraft:crafted":{"minecraft:oak_planks":16,"minecraft:crafting_table":1,"minecraft:wooden_pickaxe":1},"minecraft:custom":{"minecraft:open_chest":8,"minecraft:time_since_rest":3336,"minecraft:play_time":8107,"minecraft:crouch_one_cm":63,"minecraft:sprint_one_cm":17807,"minecraft:damage_taken":80,"minecraft:walk_one_cm":17881,"minecraft:sneak_time":32,"minecraft:jump":94,"minecraft:damage_dealt":50,"minecraft:time_since_death":8107,"minecraft:sleep_in_bed":3,"minecraft:total_world_time":8107,"minecraft:interact_with_crafting_table":2,"minecraft:talked_to_villager":2,"minecraft:fall_one_cm":2186,"minecraft:fly_one_cm":16664},"minecraft:mined":{"minecraft:cut_sandstone":8,"minecraft:oak_wood":7,"minecraft:oak_log":4,"minecraft:stone_pressure_plate":1,"minecraft:orange_terracotta":1,"minecraft:sugar_cane":8,"minecraft:tnt":9,"minecraft:oak_leaves":3}},"DataVersion":3955}