{"stats":{"minecraft:picked_up":{"minecraft:stick":2,"minecraft:cut_sandstone":2,"minecraft:waxed_copper_block":2,"minecraft:oak_log":4,"minecraft:waxed_copper_grate":1,"minecraft:cyan_bed":1,"minecraft:polished_deepslate":3,"minecraft:string":16,"minecraft:stone_pressure_plate":1,"minecraft:tnt":5,"minecraft:oak_wood":7,"minecraft:beetroot":1,"minecraft:beetroot_seeds":2,"minecraft:chiseled_tuff":1,"minecraft:bread":8,"minecraft:oak_sapling":1,"minecraft:sugar_cane":18,"minecraft:cobblestone":33},"minecraft:dropped":{"minecraft:oak_wood":4},"minecraft:used":{"minecraft:beetroot":1,"minecraft:bread":4,"minecraft:cyan_bed":1,"minecraft:stone_pickaxe":12,"minecraft:wooden_pickaxe":49,"minecraft:iron_sword":18,"minecraft:cut_sandstone":2,"minecraft:sand":17,"minecraft:cobblestone":9,"minecraft:crafting_table":2,"minecraft:oak_sapling":1},"minecraft:crafted":{"minecraft:oak_planks":16,"minecraft:crafting_table":2,"minecraft:stick":8,"minecraft:wooden_pickaxe":1,"minecraft:stone_pickaxe":1,"minecraft:iron_sword":1,"minecraft:stone_axe":1},"minecraft:custom":{"minecraft:time_since_rest":15336,"minecraft:sprint_one_cm":29324,"minecraft:damage_taken":229,"minecraft:walk_one_cm":51471,"minecraft:mob_kills":2,"minecraft:drop":1,"minecraft:damage_dealt":333,"minecraft:talked_to_villager":2,"minecraft:interact_with_crafting_table":3,"minecraft:fly_one_cm":39221,"minecraft:open_chest":8,"minecraft:crouch_one_cm":2737,"minecraft:play_time":20107,"minecraft:sneak_time":1292,"minecraft:walk_under_water_one_cm":23469,"minecraft:jump":194,"minecraft:walk_on_water_one_cm":117,"minecraft:time_since_death":20107,"minecraft:sleep_in_bed":3,"minecraft:total_world_time":20107,"minecraft:fall_one_cm":4408,"minecraft:horse_one_cm":18992},"minecraft:killed":{"minecraft:spider":2},"minecraft:mined":{"minecraft:cut_sandstone":8,"minecraft:stone_pressure_plate":1,"minecraft:waxed_copper_grate":1,"minecraft:orange_terracotta":1,"minecraft:waxed_copper_block":2,"minecraft:tnt":9,"minecraft:chiseled_tuff":1,"minecraft:polished_deepslate":1,"minecraft:oak_wood":7,"minecraft:oak_log":4,"minecraft:deepslate_iron_ore":1,"minecraft:beetroots":1,"minecraft:cobweb":9,"minecraft:stone":33,"minecraft:sugar_cane":8,"minecraft:oak_leaves":3}},"DataVersion":3955}