{"stats":{"minecraft:killed_by":{"minecraft:zombie":2},"minecraft:picked_up":{"minecraft:crafting_table":1,"minecraft:dune_armor_trim_smithing_template":4,"minecraft:glow_ink_sac":3,"minecraft:cut_sandstone":2,"minecraft:wooden_pickaxe":1,"minecraft:oak_log":7,"minecraft:waxed_copper_block":6,"minecraft:gunpowder":11,"minecraft:polished_deepslate":3,"minecraft:string":48,"minecraft:bone":12,"minecraft:beetroot":1,"minecraft:cobbled_deepslate":6,"minecraft:stone_pickaxe":2,"minecraft:chiseled_tuff":2,"minecraft:sugar_cane":36,"minecraft:oak_planks":2,"minecraft:stick":8,"minecraft:raw_iron":24,"minecraft:dripstone_block":2,"minecraft:sand":8,"minecraft:pointed_dripstone":5,"minecraft:waxed_copper_grate":3,"minecraft:cyan_bed":1,"minecraft:stone_pressure_plate":2,"minecraft:tnt":15,"minecraft:oak_wood":13,"minecraft:arrow":1,"minecraft:diamond":2,"minecraft:beetroot_seeds":4,"minecraft:saddle":2,"minecraft:bread":24,"minecraft:oak_sapling":1,"minecraft:coal":3,"minecraft:cobblestone":39},"minecraft:dropped":{"minecraft:oak_wood":4},"minecraft:used":{"minecraft:beetroot":1,"minecraft:stone_pickaxe":67,"minecraft:wooden_pickaxe":57,"minecraft:cut_sandstone":2,"minecraft:iron_sword":28,"minecraft:iron_chestplate":1,"minecraft:sand":18,"minecraft:crafting_table":3,"minecraft:cyan_bed":1,"minecraft:bread":6,"minecraft:iron_boots":1,"minecraft:cobblestone":25,"minecraft:oak_sapling":1,"minecraft:furnace":1},"minecraft:broken":{"minecraft:wooden_pickaxe":1},"minecraft:crafted":{"minecraft:oak_planks":16,"minecraft:crafting_table":2,"minecraft:wooden_pickaxe":1,"minecraft:iron_sword":2,"minecraft:furnace":1,"minecraft:stone_axe":1,"minecraft:iron_boots":1,"minecraft:iron_chestplate":1,"minecraft:stick":8,"minecraft:iron_ingot":14,"minecraft:stone_pickaxe":1},"minecraft:custom":{"minecraft:interact_with_furnace":2,"minecraft:mob_kills":5,"minecraft:interact_with_crafting_table":8,"minecraft:time_since_death":5689,"minecraft:sleep_in_bed":3,"minecraft:time_since_rest":5723,"minecraft:sprint_one_cm":46912,"minecraft:damage_taken":850,"minecraft:walk_one_cm":94342,"minecraft:drop":1,"minecraft:damage_dealt":1069,"minecraft:talked_to_villager":2,"minecraft:fly_one_cm":45588,"minecraft:open_chest":8,"minecraft:crouch_one_cm":4190,"minecraft:play_time":32107,"minecraft:deaths":2,"minecraft:sneak_time":2026,"minecraft:walk_under_water_one_cm":23963,"minecraft:jump":340,"minecraft:walk_on_water_one_cm":2022,"minecraft:total_world_time":32107,"minecraft:fall_one_cm":10215,"minecraft:horse_one_cm":18992},"minecraft:killed":{"minecraft:spider":2,"minecraft:zombie":3},"minecraft:mined":{"minecraft:cut_sandstone":8,"minecraft:stone_pressure_plate":1,"minecraft:orange_terracotta":1,"minecraft:oak_wood":7,"minecraft:sugar_cane":8,"minecraft:waxed_copper_grate":1,"minecraft:iron_ore":1,"minecraft:waxed_copper_block":2,"minecraft:tnt":9,"minecraft:chiseled_tuff":1,"minecraft:polished_deepslate":1,"minecraft:pointed_dripstone":2,"minecraft:oak_log":7,"minecraft:coal_ore":3,"minecraft:beetroots":1,"minecraft:deepslate_iron_ore":19,"minecraft:dripstone_block":1,"minecraft:cobweb":9,"minecraft:stone":36,"minecraft:oak_leaves":3,"minecraft:deepslate":3}},"DataVersion":3955}