{"stats":{"minecraft:custom":{"minecraft:interact_with_furnace":7,"minecraft:mob_kills":10,"minecraft:interact_with_crafting_table":10,"minecraft:time_since_death":9717,"minecraft:sleep_in_bed":3,"minecraft:time_since_rest":9756,"minecraft:sprint_one_cm":64703,"minecraft:damage_taken":1589,"minecraft:walk_one_cm":124476,"minecraft:drop":28,"minecraft:damage_dealt":1577,"minecraft:talked_to_villager":2,"minecraft:fly_one_cm":80871,"minecraft:play_time":44009,"minecraft:open_chest":8,"minecraft:crouch_one_cm":4446,"minecraft:deaths":3,"minecraft:sneak_time":2147,"minecraft:walk_under_water_one_cm":24394,"minecraft:jump":570,"minecraft:walk_on_water_one_cm":7360,"minecraft:total_world_time":44009,"minecraft:fall_one_cm":14707,"minecraft:horse_one_cm":18992},"minecraft:mined":{"minecraft:cut_sandstone":8,"minecraft:stone_pressure_plate":1,"minecraft:orange_terracotta":1,"minecraft:oak_wood":7,"minecraft:sugar_cane":8,"minecraft:lime_bed":1,"minecraft:waxed_copper_grate":1,"minecraft:iron_ore":1,"minecraft:waxed_copper_block":2,"minecraft:tnt":9,"minecraft:chiseled_tuff":1,"minecraft:polished_deepslate":1,"minecraft:pointed_dripstone":2,"minecraft:oak_log":7,"minecraft:coal_ore":3,"minecraft:deepslate_iron_ore":22,"minecraft:beetroots":1,"minecraft:dripstone_block":1,"minecraft:cobweb":9,"minecraft:stone":36,"minecraft:oak_leaves":3,"minecraft:deepslate":13},"minecraft:killed_by":{"minecraft:skeleton":1,"minecraft:zombie":2},"minecraft:dropped":{"minecraft:glow_ink_sac":8,"minecraft:cobbled_deepslate":2,"minecraft:decorated_pot":2,"minecraft:pointed_dripstone":10,"minecraft:waxed_copper_grate":2,"minecraft:oak_planks":2,"minecraft:waxed_copper_block":1,"minecraft:stick":2,"minecraft:waxed_cut_copper":4,"minecraft:oak_wood":4,"minecraft:waxed_copper_bulb":1,"minecraft:stone_pressure_plate":2,"minecraft:spider_eye":2,"minecraft:waxed_chiseled_copper":1,"minecraft:chiseled_tuff":2,"minecraft:wooden_pickaxe":2,"minecraft:polished_deepslate":1},"minecraft:broken":{"minecraft:wooden_pickaxe":1},"minecraft:picked_up":{"minecraft:crafting_table":1,"minecraft:lime_bed":1,"minecraft:iron_chestplate":1,"minecraft:dune_armor_trim_smithing_template":6,"minecraft:glow_ink_sac":11,"minecraft:cut_sandstone":2,"minecraft:wooden_pickaxe":3,"minecraft:waxed_copper_bulb":1,"minecraft:waxed_copper_block":8,"minecraft:oak_log":10,"minecraft:gunpowder":11,"minecraft:polished_deepslate":5,"minecraft:string":73,"minecraft:bone":24,"minecraft:beetroot":1,"minecraft:cobbled_deepslate":18,"minecraft:stone_pickaxe":3,"minecraft:chiseled_tuff":4,"minecraft:iron_pickaxe":1,"minecraft:sugar_cane":54,"minecraft:iron_sword":1,"minecraft:oak_planks":4,"minecraft:iron_boots":1,"minecraft:stick":12,"minecraft:raw_iron":32,"minecraft:dripstone_block":2,"minecraft:waxed_chiseled_copper":2,"minecraft:sand":11,"minecraft:pointed_dripstone":15,"minecraft:waxed_copper_grate":5,"minecraft:cyan_bed":1,"minecraft:spider_eye":3,"minecraft:stone_pressure_plate":4,"minecraft:tnt":20,"minecraft:oak_wood":16,"minecraft:arrow":2,"minecraft:rotten_flesh":3,"minecraft:decorated_pot":2,"minecraft:diamond":3,"minecraft:beetroot_seeds":4,"minecraft:saddle":3,"minecraft:bread":32,"minecraft:oak_sapling":1,"minecraft:waxed_cut_copper":4,"minecraft:coal":3,"minecraft:cobblestone":39},"minecraft:killed":{"minecraft:cave_spider":1,"minecraft:spider":3,"minecraft:zombie":6},"minecraft:crafted":{"minecraft:oak_planks":16,"minecraft:crafting_table":2,"minecraft:wooden_pickaxe":1,"minecraft:iron_sword":2,"minecraft:furnace":1,"minecraft:bucket":1,"minecraft:stone_axe":1,"minecraft:iron_boots":1,"minecraft:iron_chestplate":1,"minecraft:stick":8,"minecraft:iron_leggings":1,"minecraft:iron_ingot":25,"minecraft:stone_pickaxe":1},"minecraft:used":{"minecraft:beetroot":1,"minecraft:polished_deepslate":1,"minecraft:stone_pickaxe":71,"minecraft:wooden_pickaxe":57,"minecraft:iron_sword":43,"minecraft:cut_sandstone":2,"minecraft:rotten_flesh":1,"minecraft:waxed_copper_block":1,"minecraft:iron_chestplate":2,"minecraft:sand":20,"minecraft:lime_bed":1,"minecraft:crafting_table":3,"minecraft:waxed_chiseled_copper":1,"minecraft:bread":14,"minecraft:cyan_bed":1,"minecraft:iron_pickaxe":9,"minecraft:iron_boots":1,"minecraft:cobblestone":25,"minecraft:furnace":1,"minecraft:oak_sapling":1,"minecraft:bucket":1,"minecraft:cobbled_deepslate":9,"minecraft:iron_leggings":1}},"DataVersion":3955}