{"stats":{"minecraft:custom":{"minecraft:time_since_rest":13725,"minecraft:sprint_one_cm":93167,"minecraft:damage_taken":403,"minecraft:walk_one_cm":27025,"minecraft:drop":1,"minecraft:damage_dealt":10,"minecraft:swim_one_cm":11574,"minecraft:talked_to_villager":1,"minecraft:fly_one_cm":96234,"minecraft:open_chest":20,"minecraft:crouch_one_cm":1629,"minecraft:play_time":25766,"minecraft:deaths":1,"minecraft:sneak_time":1817,"minecraft:walk_under_water_one_cm":291,"minecraft:jump":445,"minecraft:interact_with_blast_furnace":1,"minecraft:leave_game":5,"minecraft:walk_on_water_one_cm":3131,"minecraft:time_since_death":13681,"minecraft:sleep_in_bed":1,"minecraft:total_world_time":25766,"minecraft:fall_one_cm":15544},"minecraft:mined":{"minecraft:skeleton_skull":3,"minecraft:tnt":19,"minecraft:short_grass":2,"minecraft:grass_block":2,"minecraft:oak_log":4,"minecraft:decorated_pot":1,"minecraft:chest":4,"minecraft:sand":34,"minecraft:dirt":5,"minecraft:cyan_bed":2,"minecraft:oak_planks":3,"minecraft:green_bed":1},"minecraft:killed_by":{"minecraft:player":1},"minecraft:dropped":{"minecraft:wheat_seeds":1},"minecraft:picked_up":{"minecraft:cut_sandstone":6,"minecraft:green_bed":1,"minecraft:potato":2,"minecraft:sand":34,"minecraft:oak_log":4,"minecraft:gunpowder":16,"minecraft:cyan_bed":1,"minecraft:spider_eye":9,"minecraft:dirt":9,"minecraft:tnt":26,"minecraft:orange_terracotta":1,"minecraft:decorated_pot":1,"minecraft:wheat_seeds":2,"minecraft:emerald":1,"minecraft:golden_horse_armor":1,"minecraft:bread":7,"minecraft:rabbit":1,"minecraft:chest":4,"minecraft:oak_planks":3,"minecraft:skeleton_skull":6},"minecraft:crafted":{"minecraft:oak_planks":4,"minecraft:crafting_table":1},"minecraft:used":{"minecraft:bread":3,"minecraft:chest":4,"minecraft:cut_sandstone":6,"minecraft:green_bed":1,"minecraft:rotten_flesh":6,"minecraft:dirt":7,"minecraft:sand":37,"minecraft:tnt":5,"minecraft:skeleton_skull":2}},"DataVersion":3955}