{"stats":{"minecraft:killed_by":{"minecraft:player":1},"minecraft:picked_up":{"minecraft:cut_sandstone":6,"minecraft:green_bed":1,"minecraft:sand":25,"minecraft:cyan_bed":1,"minecraft:dirt":6,"minecraft:tnt":8,"minecraft:orange_terracotta":1,"minecraft:wheat_seeds":1,"minecraft:emerald":1,"minecraft:golden_horse_armor":1,"minecraft:bread":7,"minecraft:rabbit":1,"minecraft:skeleton_skull":5},"minecraft:used":{"minecraft:bread":3,"minecraft:cut_sandstone":6,"minecraft:green_bed":1,"minecraft:rotten_flesh":6,"minecraft:dirt":4,"minecraft:sand":28,"minecraft:tnt":2,"minecraft:skeleton_skull":1},"minecraft:dropped":{"minecraft:wheat_seeds":1},"minecraft:custom":{"minecraft:time_since_rest":8637,"minecraft:sprint_one_cm":90488,"minecraft:damage_taken":393,"minecraft:walk_one_cm":21945,"minecraft:drop":1,"minecraft:damage_dealt":10,"minecraft:swim_one_cm":11574,"minecraft:talked_to_villager":1,"minecraft:fly_one_cm":93541,"minecraft:open_chest":17,"minecraft:crouch_one_cm":1034,"minecraft:play_time":20678,"minecraft:deaths":1,"minecraft:sneak_time":878,"minecraft:walk_under_water_one_cm":291,"minecraft:jump":389,"minecraft:interact_with_blast_furnace":1,"minecraft:leave_game":2,"minecraft:walk_on_water_one_cm":3131,"minecraft:time_since_death":8593,"minecraft:sleep_in_bed":1,"minecraft:total_world_time":20678,"minecraft:fall_one_cm":14731},"minecraft:mined":{"minecraft:skeleton_skull":2,"minecraft:short_grass":1,"minecraft:grass_block":2,"minecraft:sand":25,"minecraft:dirt":2,"minecraft:cyan_bed":2,"minecraft:green_bed":1}},"DataVersion":3955}