{"stats":{"minecraft:picked_up":{"minecraft:tnt":4,"minecraft:orange_terracotta":1,"minecraft:cut_sandstone":6,"minecraft:wheat_seeds":1,"minecraft:green_bed":1,"minecraft:sand":17,"minecraft:skeleton_skull":1,"minecraft:dirt":4},"minecraft:dropped":{"minecraft:wheat_seeds":1},"minecraft:used":{"minecraft:dirt":2,"minecraft:sand":7,"minecraft:cut_sandstone":2,"minecraft:green_bed":1,"minecraft:rotten_flesh":5},"minecraft:custom":{"minecraft:open_chest":5,"minecraft:time_since_rest":3336,"minecraft:crouch_one_cm":774,"minecraft:play_time":10794,"minecraft:sprint_one_cm":43370,"minecraft:damage_taken":210,"minecraft:walk_one_cm":11848,"minecraft:sneak_time":655,"minecraft:drop":1,"minecraft:jump":188,"minecraft:time_since_death":10794,"minecraft:walk_on_water_one_cm":115,"minecraft:sleep_in_bed":1,"minecraft:total_world_time":10794,"minecraft:fly_one_cm":44854,"minecraft:fall_one_cm":9159},"minecraft:mined":{"minecraft:skeleton_skull":1,"minecraft:short_grass":1,"minecraft:grass_block":2,"minecraft:dirt":2,"minecraft:sand":19,"minecraft:cyan_bed":1,"minecraft:green_bed":1}},"DataVersion":3955}